{"top10":[{"amount":3234,"username":"\u4e00\u70b9\u65b0\u4e00\u70b9\u65e7"},{"amount":2234,"username":"\u4e00\u70b9\u65b0\u4e00\u70b9\u65e7"},{"amount":1234,"username":"\u4e00\u70b9\u65b0\u4e00\u70b9\u65e7"}],"age":{"90\u540e":{"amount":3496.52,"F":{"amount":4572,"per":16},"M":{"amount":3291.047619,"per":84},"per":23.36},"80\u540e":{"amount":3735.3333333,"F":{"amount":4718.4285714,"per":25.56},"M":{"amount":354.5,"per":74.44},"per":42.06},"70\u540e":{"amount":4478.2916667,"F":{"amount":3522,"per":38.33},"M":{"amount":4187.0454545,"per":61.67},"per":22.43},"60\u540e":{"amount":3340.125,"F":{"amount":23799,"per":75},"M":{"amount":3723.8333333,"per":25},"per":7.48},"50\u540e":{"amount":28378,"F":{"amount":0,"per":0},"M":{"amount":2848,"per":100},"per":1.87},"40\u540e":{"amount":3112.6666667,"F":{"amount":0,"per":0},"M":{"amount":3412.6666667,"per":100},"per":2.8},"40\u524d":{"amount":0,"F":{"amount":0,"per":0},"M":{"amount":0,"per":0},"per":0}}}